Workbook
Name ExpenseCategories: Categories!$A$2:$A$6

Sheet Dashboard
C2: PEAK STATE LABS
C3: Expense Tracker
B6: TOTAL EXPENSES · ALL TIME | E6: THIS MONTH'S EXPENSES | I6: AVERAGE MONTHLY SPEND | L6: LARGEST EXPENSE CATEGORY
B7: =SUM('Expense Tracker'!$G$3:$G$1002) | E7: =SUMIF('Expense Tracker'!$B$3:$B$1002,$E$9,'Expense Tracker'!$G$3:$G$1002) | I7: =IFERROR(SUM('Expense Tracker'!$G$3:$G$1002)/COUNTIF('Monthly Summary'!$G$12:$G$35,">0"),0) | L7: =IFERROR(INDEX($E$14:$E$18,MATCH(MAX($F$14:$F$18),$F$14:$F$18,0)),"")
B9: Every valid expense entered | E9: Aug 2026 | I9: Months with expenses only | L9: =IFERROR(MAX($F$14:$F$18),0)
B12: EXPENSES BY CATEGORY | I12: TOP VENDORS
E13: Category | F13: Total | G13: % of Total | I13: Vendor | L13: Total Spent | M13: Transactions
E14: =Categories!$A$2 | F14: =SUMIF('Expense Tracker'!$E$3:$E$1002,$E14,'Expense Tracker'!$G$3:$G$1002) | G14: =IFERROR($F14/SUM($F$14:$F$18),0) | I14: =IFERROR(INDEX('Expense Tracker'!$K$3:$K$1002,MATCH(LARGE('Expense Tracker'!$L$3:$L$1002,1),'Expense Tracker'!$L$3:$L$1002,0)),"") | L14: =IFERROR(INDEX('Expense Tracker'!$M$3:$M$1002,MATCH(LARGE('Expense Tracker'!$L$3:$L$1002,1),'Expense Tracker'!$L$3:$L$1002,0)),"") | M14: =IFERROR(INDEX('Expense Tracker'!$N$3:$N$1002,MATCH(LARGE('Expense Tracker'!$L$3:$L$1002,1),'Expense Tracker'!$L$3:$L$1002,0)),"")
E15: =Categories!$A$3 | F15: =SUMIF('Expense Tracker'!$E$3:$E$1002,$E15,'Expense Tracker'!$G$3:$G$1002) | G15: =IFERROR($F15/SUM($F$14:$F$18),0) | I15: =IFERROR(INDEX('Expense Tracker'!$K$3:$K$1002,MATCH(LARGE('Expense Tracker'!$L$3:$L$1002,2),'Expense Tracker'!$L$3:$L$1002,0)),"") | L15: =IFERROR(INDEX('Expense Tracker'!$M$3:$M$1002,MATCH(LARGE('Expense Tracker'!$L$3:$L$1002,2),'Expense Tracker'!$L$3:$L$1002,0)),"") | M15: =IFERROR(INDEX('Expense Tracker'!$N$3:$N$1002,MATCH(LARGE('Expense Tracker'!$L$3:$L$1002,2),'Expense Tracker'!$L$3:$L$1002,0)),"")
E16: =Categories!$A$4 | F16: =SUMIF('Expense Tracker'!$E$3:$E$1002,$E16,'Expense Tracker'!$G$3:$G$1002) | G16: =IFERROR($F16/SUM($F$14:$F$18),0) | I16: =IFERROR(INDEX('Expense Tracker'!$K$3:$K$1002,MATCH(LARGE('Expense Tracker'!$L$3:$L$1002,3),'Expense Tracker'!$L$3:$L$1002,0)),"") | L16: =IFERROR(INDEX('Expense Tracker'!$M$3:$M$1002,MATCH(LARGE('Expense Tracker'!$L$3:$L$1002,3),'Expense Tracker'!$L$3:$L$1002,0)),"") | M16: =IFERROR(INDEX('Expense Tracker'!$N$3:$N$1002,MATCH(LARGE('Expense Tracker'!$L$3:$L$1002,3),'Expense Tracker'!$L$3:$L$1002,0)),"")
E17: =Categories!$A$5 | F17: =SUMIF('Expense Tracker'!$E$3:$E$1002,$E17,'Expense Tracker'!$G$3:$G$1002) | G17: =IFERROR($F17/SUM($F$14:$F$18),0) | I17: =IFERROR(INDEX('Expense Tracker'!$K$3:$K$1002,MATCH(LARGE('Expense Tracker'!$L$3:$L$1002,4),'Expense Tracker'!$L$3:$L$1002,0)),"") | L17: =IFERROR(INDEX('Expense Tracker'!$M$3:$M$1002,MATCH(LARGE('Expense Tracker'!$L$3:$L$1002,4),'Expense Tracker'!$L$3:$L$1002,0)),"") | M17: =IFERROR(INDEX('Expense Tracker'!$N$3:$N$1002,MATCH(LARGE('Expense Tracker'!$L$3:$L$1002,4),'Expense Tracker'!$L$3:$L$1002,0)),"")
E18: =Categories!$A$6 | F18: =SUMIF('Expense Tracker'!$E$3:$E$1002,$E18,'Expense Tracker'!$G$3:$G$1002) | G18: =IFERROR($F18/SUM($F$14:$F$18),0) | I18: =IFERROR(INDEX('Expense Tracker'!$K$3:$K$1002,MATCH(LARGE('Expense Tracker'!$L$3:$L$1002,5),'Expense Tracker'!$L$3:$L$1002,0)),"") | L18: =IFERROR(INDEX('Expense Tracker'!$M$3:$M$1002,MATCH(LARGE('Expense Tracker'!$L$3:$L$1002,5),'Expense Tracker'!$L$3:$L$1002,0)),"") | M18: =IFERROR(INDEX('Expense Tracker'!$N$3:$N$1002,MATCH(LARGE('Expense Tracker'!$L$3:$L$1002,5),'Expense Tracker'!$L$3:$L$1002,0)),"")
E19: Total | F19: =SUM(F14:F18) | G19: =IFERROR(SUM(G14:G18),0)
I20: RECENT EXPENSES
B21: MONTHLY SPENDING TREND | I21: Date | J21: Vendor | L21: Category | N21: Amount
I22: =IFERROR(INDEX('Expense Tracker'!$A$3:$A$1002,MATCH(LARGE('Expense Tracker'!$P$3:$P$1002,1),'Expense Tracker'!$P$3:$P$1002,0)),"") | J22: =IFERROR(INDEX('Expense Tracker'!$C$3:$C$1002,MATCH(LARGE('Expense Tracker'!$P$3:$P$1002,1),'Expense Tracker'!$P$3:$P$1002,0)),"") | L22: =IFERROR(INDEX('Expense Tracker'!$E$3:$E$1002,MATCH(LARGE('Expense Tracker'!$P$3:$P$1002,1),'Expense Tracker'!$P$3:$P$1002,0)),"") | N22: =IFERROR(INDEX('Expense Tracker'!$G$3:$G$1002,MATCH(LARGE('Expense Tracker'!$P$3:$P$1002,1),'Expense Tracker'!$P$3:$P$1002,0)),"")
I23: =IFERROR(INDEX('Expense Tracker'!$A$3:$A$1002,MATCH(LARGE('Expense Tracker'!$P$3:$P$1002,2),'Expense Tracker'!$P$3:$P$1002,0)),"") | J23: =IFERROR(INDEX('Expense Tracker'!$C$3:$C$1002,MATCH(LARGE('Expense Tracker'!$P$3:$P$1002,2),'Expense Tracker'!$P$3:$P$1002,0)),"") | L23: =IFERROR(INDEX('Expense Tracker'!$E$3:$E$1002,MATCH(LARGE('Expense Tracker'!$P$3:$P$1002,2),'Expense Tracker'!$P$3:$P$1002,0)),"") | N23: =IFERROR(INDEX('Expense Tracker'!$G$3:$G$1002,MATCH(LARGE('Expense Tracker'!$P$3:$P$1002,2),'Expense Tracker'!$P$3:$P$1002,0)),"")
I24: =IFERROR(INDEX('Expense Tracker'!$A$3:$A$1002,MATCH(LARGE('Expense Tracker'!$P$3:$P$1002,3),'Expense Tracker'!$P$3:$P$1002,0)),"") | J24: =IFERROR(INDEX('Expense Tracker'!$C$3:$C$1002,MATCH(LARGE('Expense Tracker'!$P$3:$P$1002,3),'Expense Tracker'!$P$3:$P$1002,0)),"") | L24: =IFERROR(INDEX('Expense Tracker'!$E$3:$E$1002,MATCH(LARGE('Expense Tracker'!$P$3:$P$1002,3),'Expense Tracker'!$P$3:$P$1002,0)),"") | N24: =IFERROR(INDEX('Expense Tracker'!$G$3:$G$1002,MATCH(LARGE('Expense Tracker'!$P$3:$P$1002,3),'Expense Tracker'!$P$3:$P$1002,0)),"")
I25: =IFERROR(INDEX('Expense Tracker'!$A$3:$A$1002,MATCH(LARGE('Expense Tracker'!$P$3:$P$1002,4),'Expense Tracker'!$P$3:$P$1002,0)),"") | J25: =IFERROR(INDEX('Expense Tracker'!$C$3:$C$1002,MATCH(LARGE('Expense Tracker'!$P$3:$P$1002,4),'Expense Tracker'!$P$3:$P$1002,0)),"") | L25: =IFERROR(INDEX('Expense Tracker'!$E$3:$E$1002,MATCH(LARGE('Expense Tracker'!$P$3:$P$1002,4),'Expense Tracker'!$P$3:$P$1002,0)),"") | N25: =IFERROR(INDEX('Expense Tracker'!$G$3:$G$1002,MATCH(LARGE('Expense Tracker'!$P$3:$P$1002,4),'Expense Tracker'!$P$3:$P$1002,0)),"")
I26: =IFERROR(INDEX('Expense Tracker'!$A$3:$A$1002,MATCH(LARGE('Expense Tracker'!$P$3:$P$1002,5),'Expense Tracker'!$P$3:$P$1002,0)),"") | J26: =IFERROR(INDEX('Expense Tracker'!$C$3:$C$1002,MATCH(LARGE('Expense Tracker'!$P$3:$P$1002,5),'Expense Tracker'!$P$3:$P$1002,0)),"") | L26: =IFERROR(INDEX('Expense Tracker'!$E$3:$E$1002,MATCH(LARGE('Expense Tracker'!$P$3:$P$1002,5),'Expense Tracker'!$P$3:$P$1002,0)),"") | N26: =IFERROR(INDEX('Expense Tracker'!$G$3:$G$1002,MATCH(LARGE('Expense Tracker'!$P$3:$P$1002,5),'Expense Tracker'!$P$3:$P$1002,0)),"")
I27: =IFERROR(INDEX('Expense Tracker'!$A$3:$A$1002,MATCH(LARGE('Expense Tracker'!$P$3:$P$1002,6),'Expense Tracker'!$P$3:$P$1002,0)),"") | J27: =IFERROR(INDEX('Expense Tracker'!$C$3:$C$1002,MATCH(LARGE('Expense Tracker'!$P$3:$P$1002,6),'Expense Tracker'!$P$3:$P$1002,0)),"") | L27: =IFERROR(INDEX('Expense Tracker'!$E$3:$E$1002,MATCH(LARGE('Expense Tracker'!$P$3:$P$1002,6),'Expense Tracker'!$P$3:$P$1002,0)),"") | N27: =IFERROR(INDEX('Expense Tracker'!$G$3:$G$1002,MATCH(LARGE('Expense Tracker'!$P$3:$P$1002,6),'Expense Tracker'!$P$3:$P$1002,0)),"")
I28: =IFERROR(INDEX('Expense Tracker'!$A$3:$A$1002,MATCH(LARGE('Expense Tracker'!$P$3:$P$1002,7),'Expense Tracker'!$P$3:$P$1002,0)),"") | J28: =IFERROR(INDEX('Expense Tracker'!$C$3:$C$1002,MATCH(LARGE('Expense Tracker'!$P$3:$P$1002,7),'Expense Tracker'!$P$3:$P$1002,0)),"") | L28: =IFERROR(INDEX('Expense Tracker'!$E$3:$E$1002,MATCH(LARGE('Expense Tracker'!$P$3:$P$1002,7),'Expense Tracker'!$P$3:$P$1002,0)),"") | N28: =IFERROR(INDEX('Expense Tracker'!$G$3:$G$1002,MATCH(LARGE('Expense Tracker'!$P$3:$P$1002,7),'Expense Tracker'!$P$3:$P$1002,0)),"")
I29: =IFERROR(INDEX('Expense Tracker'!$A$3:$A$1002,MATCH(LARGE('Expense Tracker'!$P$3:$P$1002,8),'Expense Tracker'!$P$3:$P$1002,0)),"") | J29: =IFERROR(INDEX('Expense Tracker'!$C$3:$C$1002,MATCH(LARGE('Expense Tracker'!$P$3:$P$1002,8),'Expense Tracker'!$P$3:$P$1002,0)),"") | L29: =IFERROR(INDEX('Expense Tracker'!$E$3:$E$1002,MATCH(LARGE('Expense Tracker'!$P$3:$P$1002,8),'Expense Tracker'!$P$3:$P$1002,0)),"") | N29: =IFERROR(INDEX('Expense Tracker'!$G$3:$G$1002,MATCH(LARGE('Expense Tracker'!$P$3:$P$1002,8),'Expense Tracker'!$P$3:$P$1002,0)),"")
I30: =IFERROR(INDEX('Expense Tracker'!$A$3:$A$1002,MATCH(LARGE('Expense Tracker'!$P$3:$P$1002,9),'Expense Tracker'!$P$3:$P$1002,0)),"") | J30: =IFERROR(INDEX('Expense Tracker'!$C$3:$C$1002,MATCH(LARGE('Expense Tracker'!$P$3:$P$1002,9),'Expense Tracker'!$P$3:$P$1002,0)),"") | L30: =IFERROR(INDEX('Expense Tracker'!$E$3:$E$1002,MATCH(LARGE('Expense Tracker'!$P$3:$P$1002,9),'Expense Tracker'!$P$3:$P$1002,0)),"") | N30: =IFERROR(INDEX('Expense Tracker'!$G$3:$G$1002,MATCH(LARGE('Expense Tracker'!$P$3:$P$1002,9),'Expense Tracker'!$P$3:$P$1002,0)),"")
I31: =IFERROR(INDEX('Expense Tracker'!$A$3:$A$1002,MATCH(LARGE('Expense Tracker'!$P$3:$P$1002,10),'Expense Tracker'!$P$3:$P$1002,0)),"") | J31: =IFERROR(INDEX('Expense Tracker'!$C$3:$C$1002,MATCH(LARGE('Expense Tracker'!$P$3:$P$1002,10),'Expense Tracker'!$P$3:$P$1002,0)),"") | L31: =IFERROR(INDEX('Expense Tracker'!$E$3:$E$1002,MATCH(LARGE('Expense Tracker'!$P$3:$P$1002,10),'Expense Tracker'!$P$3:$P$1002,0)),"") | N31: =IFERROR(INDEX('Expense Tracker'!$G$3:$G$1002,MATCH(LARGE('Expense Tracker'!$P$3:$P$1002,10),'Expense Tracker'!$P$3:$P$1002,0)),"")

Sheet Expense Tracker
A1: Sample entries are included for preview purposes. Delete these rows before entering real expenses.
A2: Date | B2: Month | C2: Vendor | D2: Description | E2: Category | F2: Payment Method | G2: Amount | H2: Notes
A3: 46231 | B3: =IF(A3="","",TEXT(A3,"mmm yyyy")) | C3: Google Workspace | D3: Business Standard - Monthly | E3: Software & Technology | F3: Credit Card | G3: 21.6 | H3: SAMPLE - delete before real use | K3: =IF($C3="","",IF(COUNTIF($C$3:$C3,$C3)=1,$C3,"")) | L3: =IF($K3="","",$M3+ROW()/10000000) | M3: =IF($K3="","",SUMIF($C$3:$C$1002,$K3,$G$3:$G$1002)) | N3: =IF($K3="","",COUNTIF($C$3:$C$1002,$K3)) | P3: =IF($A3="","",$A3*100000+ROW())
A4: 46231 | B4: =IF(A4="","",TEXT(A4,"mmm yyyy")) | C4: Amazon | D4: Packing tape & supplies | E4: Office & Supplies | F4: Credit Card | G4: 18.79 | H4: SAMPLE - delete before real use | K4: =IF($C4="","",IF(COUNTIF($C$3:$C4,$C4)=1,$C4,"")) | L4: =IF($K4="","",$M4+ROW()/10000000) | M4: =IF($K4="","",SUMIF($C$3:$C$1002,$K4,$G$3:$G$1002)) | N4: =IF($K4="","",COUNTIF($C$3:$C$1002,$K4)) | P4: =IF($A4="","",$A4*100000+ROW())
A5: 46233 | B5: =IF(A5="","",TEXT(A5,"mmm yyyy")) | C5: Meta Ads | D5: Ad spend - prospecting | E5: Marketing & Advertising | F5: Credit Card | G5: 920 | H5: SAMPLE - delete before real use | K5: =IF($C5="","",IF(COUNTIF($C$3:$C5,$C5)=1,$C5,"")) | L5: =IF($K5="","",$M5+ROW()/10000000) | M5: =IF($K5="","",SUMIF($C$3:$C$1002,$K5,$G$3:$G$1002)) | N5: =IF($K5="","",COUNTIF($C$3:$C$1002,$K5)) | P5: =IF($A5="","",$A5*100000+ROW())
A6: 46234 | B6: =IF(A6="","",TEXT(A6,"mmm yyyy")) | C6: USPS | D6: Shipping - Priority Mail | E6: Packaging & Shipping | F6: Credit Card | G6: 231.6 | H6: SAMPLE - delete before real use | K6: =IF($C6="","",IF(COUNTIF($C$3:$C6,$C6)=1,$C6,"")) | L6: =IF($K6="","",$M6+ROW()/10000000) | M6: =IF($K6="","",SUMIF($C$3:$C$1002,$K6,$G$3:$G$1002)) | N6: =IF($K6="","",COUNTIF($C$3:$C$1002,$K6)) | P6: =IF($A6="","",$A6*100000+ROW())
A7: 46234 | B7: =IF(A7="","",TEXT(A7,"mmm yyyy")) | C7: Wholesale Supplier | D7: Inventory restock | E7: Inventory (COGS) | F7: Credit Card | G7: 1350 | H7: SAMPLE - delete before real use | K7: =IF($C7="","",IF(COUNTIF($C$3:$C7,$C7)=1,$C7,"")) | L7: =IF($K7="","",$M7+ROW()/10000000) | M7: =IF($K7="","",SUMIF($C$3:$C$1002,$K7,$G$3:$G$1002)) | N7: =IF($K7="","",COUNTIF($C$3:$C$1002,$K7)) | P7: =IF($A7="","",$A7*100000+ROW())
A8: 46235 | B8: =IF(A8="","",TEXT(A8,"mmm yyyy")) | C8: Canva | D8: Pro - Monthly | E8: Software & Technology | F8: Credit Card | G8: 15 | H8: SAMPLE - delete before real use | K8: =IF($C8="","",IF(COUNTIF($C$3:$C8,$C8)=1,$C8,"")) | L8: =IF($K8="","",$M8+ROW()/10000000) | M8: =IF($K8="","",SUMIF($C$3:$C$1002,$K8,$G$3:$G$1002)) | N8: =IF($K8="","",COUNTIF($C$3:$C$1002,$K8)) | P8: =IF($A8="","",$A8*100000+ROW())
A9: 46235 | B9: =IF(A9="","",TEXT(A9,"mmm yyyy")) | C9: Office Depot | D9: Thermal shipping labels | E9: Office & Supplies | F9: Credit Card | G9: 63.21 | H9: SAMPLE - delete before real use | K9: =IF($C9="","",IF(COUNTIF($C$3:$C9,$C9)=1,$C9,"")) | L9: =IF($K9="","",$M9+ROW()/10000000) | M9: =IF($K9="","",SUMIF($C$3:$C$1002,$K9,$G$3:$G$1002)) | N9: =IF($K9="","",COUNTIF($C$3:$C$1002,$K9)) | P9: =IF($A9="","",$A9*100000+ROW())
A10: 46236 | B10: =IF(A10="","",TEXT(A10,"mmm yyyy")) | C10: TikTok Ads | D10: Ad spend - retargeting | E10: Marketing & Advertising | F10: Credit Card | G10: 1250 | H10: SAMPLE - delete before real use | K10: =IF($C10="","",IF(COUNTIF($C$3:$C10,$C10)=1,$C10,"")) | L10: =IF($K10="","",$M10+ROW()/10000000) | M10: =IF($K10="","",SUMIF($C$3:$C$1002,$K10,$G$3:$G$1002)) | N10: =IF($K10="","",COUNTIF($C$3:$C$1002,$K10)) | P10: =IF($A10="","",$A10*100000+ROW())
A11: 46237 | B11: =IF(A11="","",TEXT(A11,"mmm yyyy")) | C11: ClickFunnels | D11: Funnel builder - Monthly | E11: Software & Technology | F11: Credit Card | G11: 297 | H11: SAMPLE - delete before real use | K11: =IF($C11="","",IF(COUNTIF($C$3:$C11,$C11)=1,$C11,"")) | L11: =IF($K11="","",$M11+ROW()/10000000) | M11: =IF($K11="","",SUMIF($C$3:$C$1002,$K11,$G$3:$G$1002)) | N11: =IF($K11="","",COUNTIF($C$3:$C$1002,$K11)) | P11: =IF($A11="","",$A11*100000+ROW())
A12: 46237 | B12: =IF(A12="","",TEXT(A12,"mmm yyyy")) | C12: Skool | D12: Community platform - Monthly | E12: Software & Technology | F12: Credit Card | G12: 149 | H12: SAMPLE - delete before real use | K12: =IF($C12="","",IF(COUNTIF($C$3:$C12,$C12)=1,$C12,"")) | L12: =IF($K12="","",$M12+ROW()/10000000) | M12: =IF($K12="","",SUMIF($C$3:$C$1002,$K12,$G$3:$G$1002)) | N12: =IF($K12="","",COUNTIF($C$3:$C$1002,$K12)) | P12: =IF($A12="","",$A12*100000+ROW())
A13: 46238 | B13: =IF(A13="","",TEXT(A13,"mmm yyyy")) | C13: BoxUp | D13: Mailer boxes 10x6x4 | E13: Packaging & Shipping | F13: Credit Card | G13: 124.5 | H13: SAMPLE - delete before real use | K13: =IF($C13="","",IF(COUNTIF($C$3:$C13,$C13)=1,$C13,"")) | L13: =IF($K13="","",$M13+ROW()/10000000) | M13: =IF($K13="","",SUMIF($C$3:$C$1002,$K13,$G$3:$G$1002)) | N13: =IF($K13="","",COUNTIF($C$3:$C$1002,$K13)) | P13: =IF($A13="","",$A13*100000+ROW())
A14: 46240 | B14: =IF(A14="","",TEXT(A14,"mmm yyyy")) | C14: Wholesale Supplier | D14: Inventory restock | E14: Inventory (COGS) | F14: Credit Card | G14: 1980 | H14: SAMPLE - delete before real use | K14: =IF($C14="","",IF(COUNTIF($C$3:$C14,$C14)=1,$C14,"")) | L14: =IF($K14="","",$M14+ROW()/10000000) | M14: =IF($K14="","",SUMIF($C$3:$C$1002,$K14,$G$3:$G$1002)) | N14: =IF($K14="","",COUNTIF($C$3:$C$1002,$K14)) | P14: =IF($A14="","",$A14*100000+ROW())
B15: =IF(A15="","",TEXT(A15,"mmm yyyy")) | K15: =IF($C15="","",IF(COUNTIF($C$3:$C15,$C15)=1,$C15,"")) | L15: =IF($K15="","",$M15+ROW()/10000000) | M15: =IF($K15="","",SUMIF($C$3:$C$1002,$K15,$G$3:$G$1002)) | N15: =IF($K15="","",COUNTIF($C$3:$C$1002,$K15)) | P15: =IF($A15="","",$A15*100000+ROW())
B16: =IF(A16="","",TEXT(A16,"mmm yyyy")) | K16: =IF($C16="","",IF(COUNTIF($C$3:$C16,$C16)=1,$C16,"")) | L16: =IF($K16="","",$M16+ROW()/10000000) | M16: =IF($K16="","",SUMIF($C$3:$C$1002,$K16,$G$3:$G$1002)) | N16: =IF($K16="","",COUNTIF($C$3:$C$1002,$K16)) | P16: =IF($A16="","",$A16*100000+ROW())
B17: =IF(A17="","",TEXT(A17,"mmm yyyy")) | K17: =IF($C17="","",IF(COUNTIF($C$3:$C17,$C17)=1,$C17,"")) | L17: =IF($K17="","",$M17+ROW()/10000000) | M17: =IF($K17="","",SUMIF($C$3:$C$1002,$K17,$G$3:$G$1002)) | N17: =IF($K17="","",COUNTIF($C$3:$C$1002,$K17)) | P17: =IF($A17="","",$A17*100000+ROW())
B18: =IF(A18="","",TEXT(A18,"mmm yyyy")) | K18: =IF($C18="","",IF(COUNTIF($C$3:$C18,$C18)=1,$C18,"")) | L18: =IF($K18="","",$M18+ROW()/10000000) | M18: =IF($K18="","",SUMIF($C$3:$C$1002,$K18,$G$3:$G$1002)) | N18: =IF($K18="","",COUNTIF($C$3:$C$1002,$K18)) | P18: =IF($A18="","",$A18*100000+ROW())
B19: =IF(A19="","",TEXT(A19,"mmm yyyy")) | K19: =IF($C19="","",IF(COUNTIF($C$3:$C19,$C19)=1,$C19,"")) | L19: =IF($K19="","",$M19+ROW()/10000000) | M19: =IF($K19="","",SUMIF($C$3:$C$1002,$K19,$G$3:$G$1002)) | N19: =IF($K19="","",COUNTIF($C$3:$C$1002,$K19)) | P19: =IF($A19="","",$A19*100000+ROW())
B20: =IF(A20="","",TEXT(A20,"mmm yyyy")) | K20: =IF($C20="","",IF(COUNTIF($C$3:$C20,$C20)=1,$C20,"")) | L20: =IF($K20="","",$M20+ROW()/10000000) | M20: =IF($K20="","",SUMIF($C$3:$C$1002,$K20,$G$3:$G$1002)) | N20: =IF($K20="","",COUNTIF($C$3:$C$1002,$K20)) | P20: =IF($A20="","",$A20*100000+ROW())
B21: =IF(A21="","",TEXT(A21,"mmm yyyy")) | K21: =IF($C21="","",IF(COUNTIF($C$3:$C21,$C21)=1,$C21,"")) | L21: =IF($K21="","",$M21+ROW()/10000000) | M21: =IF($K21="","",SUMIF($C$3:$C$1002,$K21,$G$3:$G$1002)) | N21: =IF($K21="","",COUNTIF($C$3:$C$1002,$K21)) | P21: =IF($A21="","",$A21*100000+ROW())
B22: =IF(A22="","",TEXT(A22,"mmm yyyy")) | K22: =IF($C22="","",IF(COUNTIF($C$3:$C22,$C22)=1,$C22,"")) | L22: =IF($K22="","",$M22+ROW()/10000000) | M22: =IF($K22="","",SUMIF($C$3:$C$1002,$K22,$G$3:$G$1002)) | N22: =IF($K22="","",COUNTIF($C$3:$C$1002,$K22)) | P22: =IF($A22="","",$A22*100000+ROW())
B23: =IF(A23="","",TEXT(A23,"mmm yyyy")) | K23: =IF($C23="","",IF(COUNTIF($C$3:$C23,$C23)=1,$C23,"")) | L23: =IF($K23="","",$M23+ROW()/10000000) | M23: =IF($K23="","",SUMIF($C$3:$C$1002,$K23,$G$3:$G$1002)) | N23: =IF($K23="","",COUNTIF($C$3:$C$1002,$K23)) | P23: =IF($A23="","",$A23*100000+ROW())
B24: =IF(A24="","",TEXT(A24,"mmm yyyy")) | K24: =IF($C24="","",IF(COUNTIF($C$3:$C24,$C24)=1,$C24,"")) | L24: =IF($K24="","",$M24+ROW()/10000000) | M24: =IF($K24="","",SUMIF($C$3:$C$1002,$K24,$G$3:$G$1002)) | N24: =IF($K24="","",COUNTIF($C$3:$C$1002,$K24)) | P24: =IF($A24="","",$A24*100000+ROW())
B25: =IF(A25="","",TEXT(A25,"mmm yyyy")) | K25: =IF($C25="","",IF(COUNTIF($C$3:$C25,$C25)=1,$C25,"")) | L25: =IF($K25="","",$M25+ROW()/10000000) | M25: =IF($K25="","",SUMIF($C$3:$C$1002,$K25,$G$3:$G$1002)) | N25: =IF($K25="","",COUNTIF($C$3:$C$1002,$K25)) | P25: =IF($A25="","",$A25*100000+ROW())
B26: =IF(A26="","",TEXT(A26,"mmm yyyy")) | K26: =IF($C26="","",IF(COUNTIF($C$3:$C26,$C26)=1,$C26,"")) | L26: =IF($K26="","",$M26+ROW()/10000000) | M26: =IF($K26="","",SUMIF($C$3:$C$1002,$K26,$G$3:$G$1002)) | N26: =IF($K26="","",COUNTIF($C$3:$C$1002,$K26)) | P26: =IF($A26="","",$A26*100000+ROW())
... B1002: =IF(A1002="","",TEXT(A1002,"mmm yyyy")) | K1002: =IF($C1002="","",IF(COUNTIF($C$3:$C1002,$C1002)=1,$C1002,"")) | L1002: =IF($K1002="","",$M1002+ROW()/10000000) | M1002: =IF($K1002="","",SUMIF($C$3:$C$1002,$K1002,$G$3:$G$1002)) | N1002: =IF($K1002="","",COUNTIF($C$3:$C$1002,$K1002)) | P1002: =IF($A1002="","",$A1002*100000+ROW())

Sheet Monthly Summary
A1: MONTHLY SUMMARY
A3: ALL-TIME EXPENSES | C3: AVERAGE MONTHLY | E3: HIGHEST MONTH | G3: LOWEST MONTH | I3: LARGEST SINGLE EXPENSE
A4: =SUM('Expense Tracker'!$G$3:$G$1002) | C4: =IFERROR(SUM('Expense Tracker'!$G$3:$G$1002)/COUNTIF($G$12:$G$35,">0"),0) | E4: =IFERROR(INDEX($A$12:$A$35,MATCH(MAX($G$12:$G$35),$G$12:$G$35,0)),"") | G4: =IFERROR(INDEX($A$12:$A$35,MATCH(_xlfn.MINIFS($G$12:$G$35,$G$12:$G$35,">0"),$G$12:$G$35,0)),"") | I4: =IFERROR(MAX('Expense Tracker'!$G$3:$G$1002),0)
C6: Across months with expenses | E6: =IFERROR(MAX($G$12:$G$35),0) | G6: =IFERROR(_xlfn.MINIFS($G$12:$G$35,$G$12:$G$35,">0"),0)
A11: Month | B11: Inventory (COGS) | C11: Packaging & Shipping | D11: Software & Technology | E11: Marketing & Advertising | F11: Office & Supplies | G11: Total Expenses | H11: % Change
A12: =TEXT(L12,"mmm yyyy") | B12: =SUMIFS('Expense Tracker'!$G$3:$G$1002,'Expense Tracker'!$A$3:$A$1002,">="&$L12,'Expense Tracker'!$A$3:$A$1002,"<="&EOMONTH($L12,0),'Expense Tracker'!$E$3:$E$1002,B$11) | C12: =SUMIFS('Expense Tracker'!$G$3:$G$1002,'Expense Tracker'!$A$3:$A$1002,">="&$L12,'Expense Tracker'!$A$3:$A$1002,"<="&EOMONTH($L12,0),'Expense Tracker'!$E$3:$E$1002,C$11) | D12: =SUMIFS('Expense Tracker'!$G$3:$G$1002,'Expense Tracker'!$A$3:$A$1002,">="&$L12,'Expense Tracker'!$A$3:$A$1002,"<="&EOMONTH($L12,0),'Expense Tracker'!$E$3:$E$1002,D$11) | E12: =SUMIFS('Expense Tracker'!$G$3:$G$1002,'Expense Tracker'!$A$3:$A$1002,">="&$L12,'Expense Tracker'!$A$3:$A$1002,"<="&EOMONTH($L12,0),'Expense Tracker'!$E$3:$E$1002,E$11) | F12: =SUMIFS('Expense Tracker'!$G$3:$G$1002,'Expense Tracker'!$A$3:$A$1002,">="&$L12,'Expense Tracker'!$A$3:$A$1002,"<="&EOMONTH($L12,0),'Expense Tracker'!$E$3:$E$1002,F$11) | G12: =IF(SUM(B12:F12)=0,"",SUM(B12:F12)) | L12: =IF(COUNT('Expense Tracker'!$A$3:$A$1002)=0,DATE(YEAR(TODAY()),MONTH(TODAY()),1),DATE(YEAR(MIN('Expense Tracker'!$A$3:$A$1002)),MONTH(MIN('Expense Tracker'!$A$3:$A$1002)),1))
A13: =TEXT(L13,"mmm yyyy") | B13: =SUMIFS('Expense Tracker'!$G$3:$G$1002,'Expense Tracker'!$A$3:$A$1002,">="&$L13,'Expense Tracker'!$A$3:$A$1002,"<="&EOMONTH($L13,0),'Expense Tracker'!$E$3:$E$1002,B$11) | C13: =SUMIFS('Expense Tracker'!$G$3:$G$1002,'Expense Tracker'!$A$3:$A$1002,">="&$L13,'Expense Tracker'!$A$3:$A$1002,"<="&EOMONTH($L13,0),'Expense Tracker'!$E$3:$E$1002,C$11) | D13: =SUMIFS('Expense Tracker'!$G$3:$G$1002,'Expense Tracker'!$A$3:$A$1002,">="&$L13,'Expense Tracker'!$A$3:$A$1002,"<="&EOMONTH($L13,0),'Expense Tracker'!$E$3:$E$1002,D$11) | E13: =SUMIFS('Expense Tracker'!$G$3:$G$1002,'Expense Tracker'!$A$3:$A$1002,">="&$L13,'Expense Tracker'!$A$3:$A$1002,"<="&EOMONTH($L13,0),'Expense Tracker'!$E$3:$E$1002,E$11) | F13: =SUMIFS('Expense Tracker'!$G$3:$G$1002,'Expense Tracker'!$A$3:$A$1002,">="&$L13,'Expense Tracker'!$A$3:$A$1002,"<="&EOMONTH($L13,0),'Expense Tracker'!$E$3:$E$1002,F$11) | G13: =IF(SUM(B13:F13)=0,"",SUM(B13:F13)) | H13: =IF(OR(N(G12)=0,N(G13)=0),"",(G13-G12)/G12) | L13: =EOMONTH(L12,0)+1
A14: =TEXT(L14,"mmm yyyy") | B14: =SUMIFS('Expense Tracker'!$G$3:$G$1002,'Expense Tracker'!$A$3:$A$1002,">="&$L14,'Expense Tracker'!$A$3:$A$1002,"<="&EOMONTH($L14,0),'Expense Tracker'!$E$3:$E$1002,B$11) | C14: =SUMIFS('Expense Tracker'!$G$3:$G$1002,'Expense Tracker'!$A$3:$A$1002,">="&$L14,'Expense Tracker'!$A$3:$A$1002,"<="&EOMONTH($L14,0),'Expense Tracker'!$E$3:$E$1002,C$11) | D14: =SUMIFS('Expense Tracker'!$G$3:$G$1002,'Expense Tracker'!$A$3:$A$1002,">="&$L14,'Expense Tracker'!$A$3:$A$1002,"<="&EOMONTH($L14,0),'Expense Tracker'!$E$3:$E$1002,D$11) | E14: =SUMIFS('Expense Tracker'!$G$3:$G$1002,'Expense Tracker'!$A$3:$A$1002,">="&$L14,'Expense Tracker'!$A$3:$A$1002,"<="&EOMONTH($L14,0),'Expense Tracker'!$E$3:$E$1002,E$11) | F14: =SUMIFS('Expense Tracker'!$G$3:$G$1002,'Expense Tracker'!$A$3:$A$1002,">="&$L14,'Expense Tracker'!$A$3:$A$1002,"<="&EOMONTH($L14,0),'Expense Tracker'!$E$3:$E$1002,F$11) | G14: =IF(SUM(B14:F14)=0,"",SUM(B14:F14)) | H14: =IF(OR(N(G13)=0,N(G14)=0),"",(G14-G13)/G13) | L14: =EOMONTH(L13,0)+1
A15: =TEXT(L15,"mmm yyyy") | B15: =SUMIFS('Expense Tracker'!$G$3:$G$1002,'Expense Tracker'!$A$3:$A$1002,">="&$L15,'Expense Tracker'!$A$3:$A$1002,"<="&EOMONTH($L15,0),'Expense Tracker'!$E$3:$E$1002,B$11) | C15: =SUMIFS('Expense Tracker'!$G$3:$G$1002,'Expense Tracker'!$A$3:$A$1002,">="&$L15,'Expense Tracker'!$A$3:$A$1002,"<="&EOMONTH($L15,0),'Expense Tracker'!$E$3:$E$1002,C$11) | D15: =SUMIFS('Expense Tracker'!$G$3:$G$1002,'Expense Tracker'!$A$3:$A$1002,">="&$L15,'Expense Tracker'!$A$3:$A$1002,"<="&EOMONTH($L15,0),'Expense Tracker'!$E$3:$E$1002,D$11) | E15: =SUMIFS('Expense Tracker'!$G$3:$G$1002,'Expense Tracker'!$A$3:$A$1002,">="&$L15,'Expense Tracker'!$A$3:$A$1002,"<="&EOMONTH($L15,0),'Expense Tracker'!$E$3:$E$1002,E$11) | F15: =SUMIFS('Expense Tracker'!$G$3:$G$1002,'Expense Tracker'!$A$3:$A$1002,">="&$L15,'Expense Tracker'!$A$3:$A$1002,"<="&EOMONTH($L15,0),'Expense Tracker'!$E$3:$E$1002,F$11) | G15: =IF(SUM(B15:F15)=0,"",SUM(B15:F15)) | H15: =IF(OR(N(G14)=0,N(G15)=0),"",(G15-G14)/G14) | L15: =EOMONTH(L14,0)+1
A16: =TEXT(L16,"mmm yyyy") | B16: =SUMIFS('Expense Tracker'!$G$3:$G$1002,'Expense Tracker'!$A$3:$A$1002,">="&$L16,'Expense Tracker'!$A$3:$A$1002,"<="&EOMONTH($L16,0),'Expense Tracker'!$E$3:$E$1002,B$11) | C16: =SUMIFS('Expense Tracker'!$G$3:$G$1002,'Expense Tracker'!$A$3:$A$1002,">="&$L16,'Expense Tracker'!$A$3:$A$1002,"<="&EOMONTH($L16,0),'Expense Tracker'!$E$3:$E$1002,C$11) | D16: =SUMIFS('Expense Tracker'!$G$3:$G$1002,'Expense Tracker'!$A$3:$A$1002,">="&$L16,'Expense Tracker'!$A$3:$A$1002,"<="&EOMONTH($L16,0),'Expense Tracker'!$E$3:$E$1002,D$11) | E16: =SUMIFS('Expense Tracker'!$G$3:$G$1002,'Expense Tracker'!$A$3:$A$1002,">="&$L16,'Expense Tracker'!$A$3:$A$1002,"<="&EOMONTH($L16,0),'Expense Tracker'!$E$3:$E$1002,E$11) | F16: =SUMIFS('Expense Tracker'!$G$3:$G$1002,'Expense Tracker'!$A$3:$A$1002,">="&$L16,'Expense Tracker'!$A$3:$A$1002,"<="&EOMONTH($L16,0),'Expense Tracker'!$E$3:$E$1002,F$11) | G16: =IF(SUM(B16:F16)=0,"",SUM(B16:F16)) | H16: =IF(OR(N(G15)=0,N(G16)=0),"",(G16-G15)/G15) | L16: =EOMONTH(L15,0)+1
A17: =TEXT(L17,"mmm yyyy") | B17: =SUMIFS('Expense Tracker'!$G$3:$G$1002,'Expense Tracker'!$A$3:$A$1002,">="&$L17,'Expense Tracker'!$A$3:$A$1002,"<="&EOMONTH($L17,0),'Expense Tracker'!$E$3:$E$1002,B$11) | C17: =SUMIFS('Expense Tracker'!$G$3:$G$1002,'Expense Tracker'!$A$3:$A$1002,">="&$L17,'Expense Tracker'!$A$3:$A$1002,"<="&EOMONTH($L17,0),'Expense Tracker'!$E$3:$E$1002,C$11) | D17: =SUMIFS('Expense Tracker'!$G$3:$G$1002,'Expense Tracker'!$A$3:$A$1002,">="&$L17,'Expense Tracker'!$A$3:$A$1002,"<="&EOMONTH($L17,0),'Expense Tracker'!$E$3:$E$1002,D$11) | E17: =SUMIFS('Expense Tracker'!$G$3:$G$1002,'Expense Tracker'!$A$3:$A$1002,">="&$L17,'Expense Tracker'!$A$3:$A$1002,"<="&EOMONTH($L17,0),'Expense Tracker'!$E$3:$E$1002,E$11) | F17: =SUMIFS('Expense Tracker'!$G$3:$G$1002,'Expense Tracker'!$A$3:$A$1002,">="&$L17,'Expense Tracker'!$A$3:$A$1002,"<="&EOMONTH($L17,0),'Expense Tracker'!$E$3:$E$1002,F$11) | G17: =IF(SUM(B17:F17)=0,"",SUM(B17:F17)) | H17: =IF(OR(N(G16)=0,N(G17)=0),"",(G17-G16)/G16) | L17: =EOMONTH(L16,0)+1
A18: =TEXT(L18,"mmm yyyy") | B18: =SUMIFS('Expense Tracker'!$G$3:$G$1002,'Expense Tracker'!$A$3:$A$1002,">="&$L18,'Expense Tracker'!$A$3:$A$1002,"<="&EOMONTH($L18,0),'Expense Tracker'!$E$3:$E$1002,B$11) | C18: =SUMIFS('Expense Tracker'!$G$3:$G$1002,'Expense Tracker'!$A$3:$A$1002,">="&$L18,'Expense Tracker'!$A$3:$A$1002,"<="&EOMONTH($L18,0),'Expense Tracker'!$E$3:$E$1002,C$11) | D18: =SUMIFS('Expense Tracker'!$G$3:$G$1002,'Expense Tracker'!$A$3:$A$1002,">="&$L18,'Expense Tracker'!$A$3:$A$1002,"<="&EOMONTH($L18,0),'Expense Tracker'!$E$3:$E$1002,D$11) | E18: =SUMIFS('Expense Tracker'!$G$3:$G$1002,'Expense Tracker'!$A$3:$A$1002,">="&$L18,'Expense Tracker'!$A$3:$A$1002,"<="&EOMONTH($L18,0),'Expense Tracker'!$E$3:$E$1002,E$11) | F18: =SUMIFS('Expense Tracker'!$G$3:$G$1002,'Expense Tracker'!$A$3:$A$1002,">="&$L18,'Expense Tracker'!$A$3:$A$1002,"<="&EOMONTH($L18,0),'Expense Tracker'!$E$3:$E$1002,F$11) | G18: =IF(SUM(B18:F18)=0,"",SUM(B18:F18)) | H18: =IF(OR(N(G17)=0,N(G18)=0),"",(G18-G17)/G17) | L18: =EOMONTH(L17,0)+1
A19: =TEXT(L19,"mmm yyyy") | B19: =SUMIFS('Expense Tracker'!$G$3:$G$1002,'Expense Tracker'!$A$3:$A$1002,">="&$L19,'Expense Tracker'!$A$3:$A$1002,"<="&EOMONTH($L19,0),'Expense Tracker'!$E$3:$E$1002,B$11) | C19: =SUMIFS('Expense Tracker'!$G$3:$G$1002,'Expense Tracker'!$A$3:$A$1002,">="&$L19,'Expense Tracker'!$A$3:$A$1002,"<="&EOMONTH($L19,0),'Expense Tracker'!$E$3:$E$1002,C$11) | D19: =SUMIFS('Expense Tracker'!$G$3:$G$1002,'Expense Tracker'!$A$3:$A$1002,">="&$L19,'Expense Tracker'!$A$3:$A$1002,"<="&EOMONTH($L19,0),'Expense Tracker'!$E$3:$E$1002,D$11) | E19: =SUMIFS('Expense Tracker'!$G$3:$G$1002,'Expense Tracker'!$A$3:$A$1002,">="&$L19,'Expense Tracker'!$A$3:$A$1002,"<="&EOMONTH($L19,0),'Expense Tracker'!$E$3:$E$1002,E$11) | F19: =SUMIFS('Expense Tracker'!$G$3:$G$1002,'Expense Tracker'!$A$3:$A$1002,">="&$L19,'Expense Tracker'!$A$3:$A$1002,"<="&EOMONTH($L19,0),'Expense Tracker'!$E$3:$E$1002,F$11) | G19: =IF(SUM(B19:F19)=0,"",SUM(B19:F19)) | H19: =IF(OR(N(G18)=0,N(G19)=0),"",(G19-G18)/G18) | L19: =EOMONTH(L18,0)+1
A20: =TEXT(L20,"mmm yyyy") | B20: =SUMIFS('Expense Tracker'!$G$3:$G$1002,'Expense Tracker'!$A$3:$A$1002,">="&$L20,'Expense Tracker'!$A$3:$A$1002,"<="&EOMONTH($L20,0),'Expense Tracker'!$E$3:$E$1002,B$11) | C20: =SUMIFS('Expense Tracker'!$G$3:$G$1002,'Expense Tracker'!$A$3:$A$1002,">="&$L20,'Expense Tracker'!$A$3:$A$1002,"<="&EOMONTH($L20,0),'Expense Tracker'!$E$3:$E$1002,C$11) | D20: =SUMIFS('Expense Tracker'!$G$3:$G$1002,'Expense Tracker'!$A$3:$A$1002,">="&$L20,'Expense Tracker'!$A$3:$A$1002,"<="&EOMONTH($L20,0),'Expense Tracker'!$E$3:$E$1002,D$11) | E20: =SUMIFS('Expense Tracker'!$G$3:$G$1002,'Expense Tracker'!$A$3:$A$1002,">="&$L20,'Expense Tracker'!$A$3:$A$1002,"<="&EOMONTH($L20,0),'Expense Tracker'!$E$3:$E$1002,E$11) | F20: =SUMIFS('Expense Tracker'!$G$3:$G$1002,'Expense Tracker'!$A$3:$A$1002,">="&$L20,'Expense Tracker'!$A$3:$A$1002,"<="&EOMONTH($L20,0),'Expense Tracker'!$E$3:$E$1002,F$11) | G20: =IF(SUM(B20:F20)=0,"",SUM(B20:F20)) | H20: =IF(OR(N(G19)=0,N(G20)=0),"",(G20-G19)/G19) | L20: =EOMONTH(L19,0)+1
A21: =TEXT(L21,"mmm yyyy") | B21: =SUMIFS('Expense Tracker'!$G$3:$G$1002,'Expense Tracker'!$A$3:$A$1002,">="&$L21,'Expense Tracker'!$A$3:$A$1002,"<="&EOMONTH($L21,0),'Expense Tracker'!$E$3:$E$1002,B$11) | C21: =SUMIFS('Expense Tracker'!$G$3:$G$1002,'Expense Tracker'!$A$3:$A$1002,">="&$L21,'Expense Tracker'!$A$3:$A$1002,"<="&EOMONTH($L21,0),'Expense Tracker'!$E$3:$E$1002,C$11) | D21: =SUMIFS('Expense Tracker'!$G$3:$G$1002,'Expense Tracker'!$A$3:$A$1002,">="&$L21,'Expense Tracker'!$A$3:$A$1002,"<="&EOMONTH($L21,0),'Expense Tracker'!$E$3:$E$1002,D$11) | E21: =SUMIFS('Expense Tracker'!$G$3:$G$1002,'Expense Tracker'!$A$3:$A$1002,">="&$L21,'Expense Tracker'!$A$3:$A$1002,"<="&EOMONTH($L21,0),'Expense Tracker'!$E$3:$E$1002,E$11) | F21: =SUMIFS('Expense Tracker'!$G$3:$G$1002,'Expense Tracker'!$A$3:$A$1002,">="&$L21,'Expense Tracker'!$A$3:$A$1002,"<="&EOMONTH($L21,0),'Expense Tracker'!$E$3:$E$1002,F$11) | G21: =IF(SUM(B21:F21)=0,"",SUM(B21:F21)) | H21: =IF(OR(N(G20)=0,N(G21)=0),"",(G21-G20)/G20) | L21: =EOMONTH(L20,0)+1
A22: =TEXT(L22,"mmm yyyy") | B22: =SUMIFS('Expense Tracker'!$G$3:$G$1002,'Expense Tracker'!$A$3:$A$1002,">="&$L22,'Expense Tracker'!$A$3:$A$1002,"<="&EOMONTH($L22,0),'Expense Tracker'!$E$3:$E$1002,B$11) | C22: =SUMIFS('Expense Tracker'!$G$3:$G$1002,'Expense Tracker'!$A$3:$A$1002,">="&$L22,'Expense Tracker'!$A$3:$A$1002,"<="&EOMONTH($L22,0),'Expense Tracker'!$E$3:$E$1002,C$11) | D22: =SUMIFS('Expense Tracker'!$G$3:$G$1002,'Expense Tracker'!$A$3:$A$1002,">="&$L22,'Expense Tracker'!$A$3:$A$1002,"<="&EOMONTH($L22,0),'Expense Tracker'!$E$3:$E$1002,D$11) | E22: =SUMIFS('Expense Tracker'!$G$3:$G$1002,'Expense Tracker'!$A$3:$A$1002,">="&$L22,'Expense Tracker'!$A$3:$A$1002,"<="&EOMONTH($L22,0),'Expense Tracker'!$E$3:$E$1002,E$11) | F22: =SUMIFS('Expense Tracker'!$G$3:$G$1002,'Expense Tracker'!$A$3:$A$1002,">="&$L22,'Expense Tracker'!$A$3:$A$1002,"<="&EOMONTH($L22,0),'Expense Tracker'!$E$3:$E$1002,F$11) | G22: =IF(SUM(B22:F22)=0,"",SUM(B22:F22)) | H22: =IF(OR(N(G21)=0,N(G22)=0),"",(G22-G21)/G21) | L22: =EOMONTH(L21,0)+1
A23: =TEXT(L23,"mmm yyyy") | B23: =SUMIFS('Expense Tracker'!$G$3:$G$1002,'Expense Tracker'!$A$3:$A$1002,">="&$L23,'Expense Tracker'!$A$3:$A$1002,"<="&EOMONTH($L23,0),'Expense Tracker'!$E$3:$E$1002,B$11) | C23: =SUMIFS('Expense Tracker'!$G$3:$G$1002,'Expense Tracker'!$A$3:$A$1002,">="&$L23,'Expense Tracker'!$A$3:$A$1002,"<="&EOMONTH($L23,0),'Expense Tracker'!$E$3:$E$1002,C$11) | D23: =SUMIFS('Expense Tracker'!$G$3:$G$1002,'Expense Tracker'!$A$3:$A$1002,">="&$L23,'Expense Tracker'!$A$3:$A$1002,"<="&EOMONTH($L23,0),'Expense Tracker'!$E$3:$E$1002,D$11) | E23: =SUMIFS('Expense Tracker'!$G$3:$G$1002,'Expense Tracker'!$A$3:$A$1002,">="&$L23,'Expense Tracker'!$A$3:$A$1002,"<="&EOMONTH($L23,0),'Expense Tracker'!$E$3:$E$1002,E$11) | F23: =SUMIFS('Expense Tracker'!$G$3:$G$1002,'Expense Tracker'!$A$3:$A$1002,">="&$L23,'Expense Tracker'!$A$3:$A$1002,"<="&EOMONTH($L23,0),'Expense Tracker'!$E$3:$E$1002,F$11) | G23: =IF(SUM(B23:F23)=0,"",SUM(B23:F23)) | H23: =IF(OR(N(G22)=0,N(G23)=0),"",(G23-G22)/G22) | L23: =EOMONTH(L22,0)+1
A24: =TEXT(L24,"mmm yyyy") | B24: =SUMIFS('Expense Tracker'!$G$3:$G$1002,'Expense Tracker'!$A$3:$A$1002,">="&$L24,'Expense Tracker'!$A$3:$A$1002,"<="&EOMONTH($L24,0),'Expense Tracker'!$E$3:$E$1002,B$11) | C24: =SUMIFS('Expense Tracker'!$G$3:$G$1002,'Expense Tracker'!$A$3:$A$1002,">="&$L24,'Expense Tracker'!$A$3:$A$1002,"<="&EOMONTH($L24,0),'Expense Tracker'!$E$3:$E$1002,C$11) | D24: =SUMIFS('Expense Tracker'!$G$3:$G$1002,'Expense Tracker'!$A$3:$A$1002,">="&$L24,'Expense Tracker'!$A$3:$A$1002,"<="&EOMONTH($L24,0),'Expense Tracker'!$E$3:$E$1002,D$11) | E24: =SUMIFS('Expense Tracker'!$G$3:$G$1002,'Expense Tracker'!$A$3:$A$1002,">="&$L24,'Expense Tracker'!$A$3:$A$1002,"<="&EOMONTH($L24,0),'Expense Tracker'!$E$3:$E$1002,E$11) | F24: =SUMIFS('Expense Tracker'!$G$3:$G$1002,'Expense Tracker'!$A$3:$A$1002,">="&$L24,'Expense Tracker'!$A$3:$A$1002,"<="&EOMONTH($L24,0),'Expense Tracker'!$E$3:$E$1002,F$11) | G24: =IF(SUM(B24:F24)=0,"",SUM(B24:F24)) | H24: =IF(OR(N(G23)=0,N(G24)=0),"",(G24-G23)/G23) | L24: =EOMONTH(L23,0)+1
... A35: =TEXT(L35,"mmm yyyy") | B35: =SUMIFS('Expense Tracker'!$G$3:$G$1002,'Expense Tracker'!$A$3:$A$1002,">="&$L35,'Expense Tracker'!$A$3:$A$1002,"<="&EOMONTH($L35,0),'Expense Tracker'!$E$3:$E$1002,B$11) | C35: =SUMIFS('Expense Tracker'!$G$3:$G$1002,'Expense Tracker'!$A$3:$A$1002,">="&$L35,'Expense Tracker'!$A$3:$A$1002,"<="&EOMONTH($L35,0),'Expense Tracker'!$E$3:$E$1002,C$11) | D35: =SUMIFS('Expense Tracker'!$G$3:$G$1002,'Expense Tracker'!$A$3:$A$1002,">="&$L35,'Expense Tracker'!$A$3:$A$1002,"<="&EOMONTH($L35,0),'Expense Tracker'!$E$3:$E$1002,D$11) | E35: =SUMIFS('Expense Tracker'!$G$3:$G$1002,'Expense Tracker'!$A$3:$A$1002,">="&$L35,'Expense Tracker'!$A$3:$A$1002,"<="&EOMONTH($L35,0),'Expense Tracker'!$E$3:$E$1002,E$11) | F35: =SUMIFS('Expense Tracker'!$G$3:$G$1002,'Expense Tracker'!$A$3:$A$1002,">="&$L35,'Expense Tracker'!$A$3:$A$1002,"<="&EOMONTH($L35,0),'Expense Tracker'!$E$3:$E$1002,F$11) | G35: =IF(SUM(B35:F35)=0,"",SUM(B35:F35)) | H35: =IF(OR(N(G34)=0,N(G35)=0),"",(G35-G34)/G34) | L35: =EOMONTH(L34,0)+1
A36: Total | B36: =SUM(B12:B35) | C36: =SUM(C12:C35) | D36: =SUM(D12:D35) | E36: =SUM(E12:E35) | F36: =SUM(F12:F35) | G36: =SUM(G12:G35)

Sheet Categories
A1: CATEGORIES | B1: COLOR
A2: Inventory (COGS)
A3: Packaging & Shipping
A4: Software & Technology
A5: Marketing & Advertising
A6: Office & Supplies
A8: How to use this tab: These five categories feed the Category dropdown on the Expense Tracker (named range "ExpenseCategories") and every summary and chart in this workbook. You may add a new category on the row directly below the list. If you do, remember to expand the named range, the Monthly Summary columns, the dashboard chart, and the conditional-formatting colors so the new category is included everywhere. Do NOT add payment methods here.
